"1","50","Unit 5938 Box 2421
DPO AP 33335","2022-03-22T12:01:18","965-934-2320"
"2","79","848 Melissa Springs Suite 947
Kellerstad, MD 80819","2022-03-04T09:25:30","+1-456-208-7091x6345"
"3","94","419 Wade Bridge Suite 698
Deborahfurt, TN 33391","2022-03-11T06:20:46","0891319344"
"4","89","42851 Joshua Brook Apt. 034
Staceyshire, AZ 98691","2022-03-05T02:50:35","133-060-1688"
"5","38","263 Wilson View Apt. 873
South Raymondborough, AZ 28798","2022-03-19T10:54:18","809.189.1634x89676"
"6","78","1744 Cruz Lights Apt. 223
Jessicamouth, AZ 63589","2022-03-18T04:59:14","+1-100-740-8993x3188"
"7","54","USCGC Brown
FPO AA 20968","2022-03-30T02:01:49","6112648629"
"8","55","5735 Farley Course
Port Daniel, OH 79871","2022-03-02T20:48:45","4689671454"
"9","97","16448 Audrey Road
New Daniel, ND 53377","2022-03-19T13:06:57","(566)272-8523"
"10","24","3906 Jim Corner
West Brian, TX 23225","2022-03-04T18:54:49","853.344.4864"
"11","62","7771 Christopher Courts
South Nicole, NV 80816","2022-03-14T03:02:23","953-843-3184"
"12","87","855 Lisa Wells
Mooreburgh, CA 18271","2022-03-08T05:45:05","(070)030-0351x056"
"13","18","0648 Malone Port Apt. 662
New Devonhaven, VA 92199","2022-03-23T15:54:01","8984076165"
"14","64","388 Hughes Village Suite 319
Lindabury, TX 94883","2022-03-01T13:27:28","(448)885-5362x08296"
"15","47","PSC 5823, Box 5703
APO AP 32230","2022-03-14T09:52:22","067-820-1955x01318"
"16","61","PSC 4629, Box 2648
APO AE 21854","2022-03-26T00:42:07","011-695-9756x85125"
"17","3","92516 Scott Rapids Suite 497
Whitemouth, KS 25469","2022-03-12T16:11:59","+1-507-603-3452x353"
"18","21","622 Anthony Islands
North Brandonville, RI 19859","2022-03-18T06:13:51","001-780-342-9546x04860"
"19","88","69671 Kimberly Plains
East Eric, IN 04396","2022-03-16T08:28:51","759-473-2881"
"20","100","6409 Samantha Extension
Cunninghamfurt, CO 84918","2022-03-06T02:17:16","855.103.3744x3075"
"21","66","USNS Hall
FPO AE 97807","2022-03-16T07:04:22","(360)906-1435x2125"
"22","4","73089 Jones Fall
East Sarah, NJ 00549","2022-03-19T05:04:46","985-373-5760"
"23","58","74579 Tanya Pike
East Kevinhaven, TX 16590","2022-03-10T10:23:04","0023793186"
"24","83","1231 Stephanie Lock Suite 835
North Richardland, MT 77240","2022-03-08T09:54:35","997-187-6560x16922"
"25","4","880 Robertson Bridge
South Lori, KS 43961","2022-03-09T08:27:12","364-000-4155x8403"
"26","89","5877 Rodney Extension
East Jasminfort, AK 31760","2022-03-12T22:27:30","407.306.2686x36887"
"27","14","465 Scott Club Apt. 933
Port Melissahaven, CA 91349","2022-03-23T01:05:34","+1-803-471-0391x4032"
"28","80","3675 Miller Meadows
Lake Angelburgh, PA 70191","2022-03-06T07:24:21","(741)644-1588"
"29","10","52169 Brandon Loop Apt. 096
New Jessica, MT 53548","2022-03-19T00:10:04","475.778.8115"
"30","57","521 Eric Lights Apt. 184
Michaelfort, OR 42336","2022-03-28T11:11:59","001-286-635-6433x43895"
"31","59","7329 Jacobs Station
New Tylerborough, MS 36340","2022-03-28T20:23:25","+1-834-422-9322x347"
"32","39","Unit 2390 Box 5872
DPO AP 36002","2022-03-21T09:53:03","832-147-5680x566"
"33","71","73611 Martinez Spring Suite 203
East Cody, MT 09631","2022-03-24T23:51:10","(991)326-3074x285"
"34","95","48666 Douglas Club
Crystalberg, ID 79453","2022-03-07T21:38:41","+1-299-211-4149x7949"
"35","54","43319 John Pike Apt. 750
Roberthaven, DC 93667","2022-03-06T04:52:41","+1-064-593-5621x35772"
"36","88","10867 Phillip Stravenue Apt. 604
West Joshua, OH 88160","2022-03-19T06:34:18","1141634637"
"37","83","5857 Gilmore Stravenue
Melvinburgh, IN 61092","2022-03-20T22:11:03","(347)680-6472x6669"
"38","93","7413 Hall Burg Suite 227
Port Coryton, SD 23961","2022-03-07T10:48:24","119-131-7611"
"39","61","808 Clinton Turnpike
Kemphaven, MD 74123","2022-03-08T15:06:15","041-560-4324x581"
"40","22","0092 Jackson Lodge
New Amy, AZ 84772","2022-03-02T00:44:03","883.646.0068x1400"
"41","64","534 Jones Court
Port Catherine, DC 65657","2022-03-21T17:38:32","634.127.5547"
"42","44","997 Thompson Shore
Frankstad, VT 15788","2022-03-05T01:23:15","857.158.6470"
"43","18","15233 Keller Wall Suite 978
Kimtown, TX 81993","2022-03-09T12:11:12","(689)563-6093x907"
"44","95","USNV Christensen
FPO AA 59798","2022-03-30T09:03:03","997.941.2613"
"45","92","116 Bryan Junctions Suite 356
West Cameronfort, IA 50782","2022-03-07T15:07:38","(528)592-1131x37306"
"46","43","3708 Ritter Union Suite 395
Laurenburgh, VT 37343","2022-03-17T03:10:59","+1-483-940-9651x5451"
"47","39","PSC 6063, Box 6974
APO AE 23504","2022-03-16T14:31:37","422-964-0619x72636"
"48","98","PSC 9833, Box 8673
APO AP 96032","2022-03-09T02:20:16","(608)086-1438x411"
"49","65","89317 Michael Grove Suite 127
Williamland, NH 53067","2022-03-24T01:55:13","974.591.3064x85395"
"50","34","Unit 5470 Box 5535
DPO AP 47953","2022-03-14T19:32:44","1746327020"
"51","22","585 Archer Ridges Apt. 323
North Donald, PA 73851","2022-03-13T17:16:35","697.745.0999"
"52","100","9328 Owens Mountains Apt. 128
Port Johnmouth, AR 50818","2022-03-29T02:30:30","157-954-5308x3780"
"53","87","852 Ashley Plains
Hamiltonmouth, HI 05529","2022-03-08T22:23:17","(474)726-6515x242"
"54","44","32979 Hopkins Radial Apt. 052
South Robertshire, CT 07345","2022-03-24T05:16:56","(792)096-6542x474"
"55","51","63846 Kyle Estates Apt. 342
West Jason, OR 21365","2022-03-02T21:22:49","053-691-6351"
"56","14","84638 Lisa Ridges
Melissamouth, NY 31102","2022-03-15T05:41:46","773-747-3729"
"57","28","95940 Griffin Forest
Walkershire, AK 47729","2022-03-20T07:45:58","088.713.2671"
"58","32","086 Jackie Streets
North Natalie, OR 63390","2022-03-19T08:05:30","4799010298"
"59","31","93320 Scott Hollow Apt. 679
North Gary, AL 68873","2022-03-03T13:15:16","095.479.4485"
"60","48","Unit 2563 Box 8455
DPO AA 67038","2022-03-08T23:34:23","+1-156-346-8592x15306"
"61","98","3342 Shannon Cape
East Randychester, WV 04117","2022-03-15T04:35:42","+1-690-717-4785x79143"
"62","97","9392 Rios Fall
Port Angelicaside, OH 63788","2022-03-30T15:42:57","+1-388-483-2251x146"
"63","55","094 Young Brook Apt. 003
Danielland, KS 61665","2022-03-29T15:52:00","001-378-173-5955"
"64","92","3256 Mann Haven Apt. 316
East James, MS 85773","2022-03-04T16:47:04","001-682-778-5050x1770"
"65","32","608 Ashley Expressway Apt. 727
North William, NY 62191","2022-03-18T17:13:26","001-656-403-7531x50663"
"66","76","41341 Ernest Ports
Walshport, GA 32010","2022-03-26T20:40:28","496-571-5768x0685"
"67","82","048 Cassie Wells
Lake Danny, DE 72490","2022-03-28T01:19:49","(891)565-1829x799"
"68","50","38568 Sampson Streets Apt. 897
Port Jameschester, MT 87680","2022-03-08T17:57:08","018.556.5316x799"
"69","66","95092 Bates Falls Suite 736
Courtneyside, AL 49340","2022-03-23T03:00:01","001-824-499-9354"
"70","98","6092 Juan View Apt. 602
West Chase, AK 76089","2022-03-06T04:03:02","+1-334-401-2874x21139"
"71","65","8206 Robin Station Apt. 658
Port Jennifer, MI 30166","2022-03-24T13:30:25","001-649-035-5526x3600"
"72","35","00927 Martha Villages Suite 468
New Thomasview, AZ 48450","2022-03-15T22:11:51","+1-875-972-8307"
"73","73","5296 Anderson Estate Apt. 057
Wilsonmouth, PA 17527","2022-03-09T06:26:28","(970)794-8351"
"74","27","27728 Kathryn Loaf Suite 354
Gregorychester, NV 54098","2022-03-08T01:06:10","(442)325-5833"
"75","76","643 Zachary Mountain Suite 945
North Katiebury, ND 24079","2022-03-30T01:34:10","001-385-833-2976x2146"
"76","42","625 Stephanie Fort
South Larry, NV 94286","2022-03-12T17:42:13","162-798-7882"
"77","98","842 Rivera Crest
Nealport, UT 39766","2022-03-30T10:42:51","803.209.7449x92896"
"78","41","14477 Joseph Springs Suite 747
New Amy, MT 51890","2022-03-13T04:44:10","+1-912-428-9864x291"
"79","40","98416 Oconnor Lakes
Kirbymouth, AL 08187","2022-03-14T04:12:46","(733)511-4774"
"80","54","276 Nathaniel Groves Suite 243
West Kimberlyfurt, NH 96249","2022-03-04T22:17:55","113-671-9708"
"81","23","15271 Martin Camp Apt. 444
New Elizabeth, IL 51979","2022-03-04T01:49:38","001-580-497-6124"
"82","88","071 Gonzalez Knolls
Moorebury, VT 66362","2022-03-02T13:11:51","641-890-0231x6299"
"83","45","727 Wright Creek
Toddhaven, VT 08236","2022-03-03T02:24:36","001-283-576-3822x789"
"84","19","68814 Williams Trail Suite 707
Port Jacqueline, RI 46733","2022-03-29T21:33:23","136-540-9897"
"85","67","0065 Thomas Keys
East Katrina, NY 78629","2022-03-09T07:28:19","(494)051-9558x5938"
"86","31","65865 Beck Lodge Suite 381
Meganmouth, NH 19859","2022-03-18T18:41:16","834-383-4139"
"87","90","230 Norman Squares Suite 936
New Michael, NY 67099","2022-03-19T19:34:36","445.290.1371x53472"
"88","55","980 Frank Squares Suite 676
Johnsonmouth, GA 34870","2022-03-21T14:38:37","4708779857"
"89","55","582 Perez Passage Apt. 050
West Richard, FL 88331","2022-03-17T02:39:51","942-593-9068"
"90","44","1758 Escobar Courts
East Robertfurt, AZ 08039","2022-03-10T20:36:55","3758383773"
"91","98","986 Nicholas Well
West Taylorport, MS 80748","2022-03-20T21:43:43","+1-260-441-0744x5060"
"92","80","511 Leslie Road Apt. 283
Warrenland, OK 67779","2022-03-29T02:22:35","+1-093-813-1926x734"
"93","79","723 Thomas Route
East Fredtown, CA 20703","2022-03-14T09:13:14","203-297-3887x7098"
"94","61","69423 Mccann Underpass
Carterberg, KS 30184","2022-03-07T16:44:38","447.943.4082"
"95","30","Unit 7174 Box 3660
DPO AA 08516","2022-03-26T23:28:57","(008)028-1378x8830"
"96","29","586 Wolf Garden
North Joseph, NJ 51885","2022-03-05T20:49:45","(888)996-0526"
"97","93","3130 Deborah Radial
West Andrea, MT 14054","2022-03-26T09:46:35","+1-057-358-5990x03767"
"98","94","89532 Conner Trafficway
West Malloryton, FL 16811","2022-03-09T16:55:23","173.252.9046x60381"
"99","64","96311 Sharon Summit Apt. 401
Lindabury, AK 51678","2022-03-19T12:11:58","+1-982-711-9063"
"100","32","PSC 5855, Box 9066
APO AA 78304","2022-03-05T01:22:10","553.058.1549"
