"1","1@a.com","pbkdf2:sha256:260000$IkgZGNZSYK2PMhSa$ecb874f1af7db5479137285676126211fe7273f31df8da49f9078777eaa0d424","Gary","Cross","465"
"2","2@a.com","pbkdf2:sha256:260000$mZDtjxKUELSzkT9W$931be523c99c31c1fb9723e307c171ea757009fdfa1ef46d29e1bc661c96d4b9","Chelsea","Greer","236"
"3","3@a.com","pbkdf2:sha256:260000$2k1lDsdClIJ8iotl$53bb15c7685c4ec5a5c12114a871bc0622dfd69dbb1a20c7bfa3c613c21ec6e3","Jasmine","Perry","628"
"4","4@a.com","pbkdf2:sha256:260000$tkJS8t2cIJvlpmsv$0eae68b1adfa39efb3482f50b5bd973b61386cfbd98845066857c2efaeb8fbc1","Steven","Bowman","887"
"5","5@a.com","pbkdf2:sha256:260000$zpSdu6QC2ongCoY0$a35b31863ed53aaa8ce55f552134f9c8bf746fefacd5115e511a6414a5da08fb","Daniel","Duarte","509"
"6","6@a.com","pbkdf2:sha256:260000$hBpyB5hE0eEOulk2$038f689c06eaa2f0a19f20cf5fb05585b1a42a57cb577d89dea15acfd4675359","Joan","Atkins","768"
"7","7@a.com","pbkdf2:sha256:260000$Aks42RpzmoM74tT7$bd8e7423b487a948aadeb81445e4560afad635d53c9caece40b1ff224bebb1fa","John","Ellis","828"
"8","8@a.com","pbkdf2:sha256:260000$YjFCEZ5DceVjTrPA$6f23dc530b9bf3d093768c714caf9326c934bdfeb83a6a829c7dd38e45087c10","Brooke","Blevins","775"
"9","9@a.com","pbkdf2:sha256:260000$ejrAT2aByHWvONpF$22b937cd61197aa520543bbecc805611705f892cb6ceec299bb2606affb17795","Patrick","Thomas","960"
"10","10@a.com","pbkdf2:sha256:260000$3UWIt9zDlZPoHjqy$cbec6b9c2ae76f2a6712c870f1acd72a9b5d2447473fae06a8cae68f2a02089a","Rebecca","Torres","694"
"11","11@a.com","pbkdf2:sha256:260000$DsUlB9QljlYQohgA$2700c6d46e81cd30de2c11b0ecb267affadc1ba82d5109253ea17d5492b9c77f","Laura","Lee","249"
"12","12@a.com","pbkdf2:sha256:260000$qcyIWwRh133R7OzO$399f34ae90ee3613129709d985dd5c772eb9d26229cb30490784d1452d27f15b","Cheryl","Miller","111"
"13","13@a.com","pbkdf2:sha256:260000$XsBOu9LyNLdmFtgO$0054b5a75bd248e8e46e8cba865cc0d1e64fb6da53c3106e4b66d564a4fe7976","Mitchell","Payne","795"
"14","14@a.com","pbkdf2:sha256:260000$37c68UEkYM4xDDS9$bdb6da884492994437eeb6fa693756c8ca8373ebdff953630b61794f9259c5cb","Katherine","Brown","833"
"15","15@a.com","pbkdf2:sha256:260000$4YpH8wJRWNizJKni$34e83966625448c5da9d20ffd95978345c9d5e60f39ced46a76935e895f77b6d","Raymond","III","555"
"16","16@a.com","pbkdf2:sha256:260000$V7YSvAH2HYcrjxnE$58826932ae1854552dbd81eb9421405e5da65bed247e4bdc5d07416f17044be4","Margaret","Riley","661"
"17","17@a.com","pbkdf2:sha256:260000$YPkDzKMK30tcEmDB$c61348fc00479c59f90f922c593e07120775898eb882430335f2855909e3a460","Hannah","Smith","772"
"18","18@a.com","pbkdf2:sha256:260000$vDFVCXjvFxsGAUEM$f4ca86db88b51e683e2f187f42f3a304952073af3b079c211c607ee39e97a299","George","Gray","65"
"19","19@a.com","pbkdf2:sha256:260000$3FtKCylIyfN8WQRT$2c47c2063320ead80c7fdc8cc434327c4d822d959021a51908dcff02cabd7ed6","Taylor","Murphy","745"
"20","20@a.com","pbkdf2:sha256:260000$8hflHieXge04JTJF$fec1af2bf6cf4fb723af23b05b8afef07fb3ebedb6bdd863c188f3836bbcd77f","Frank","Yates","191"
"21","21@a.com","pbkdf2:sha256:260000$z6vYhQKNbyZHmcwB$b7c82079e2a7907b425eb318862680c0e94b6547da1622f3967044990cfec7ed","Grant","Mason","15"
"22","22@a.com","pbkdf2:sha256:260000$BDu8Cy4SyZzk3PbW$fca9adc576d75b914bc1c65cf0cf47e3bd02fb72c49910b46a5f8bca42c3d21f","Carolyn","Alexander","589"
"23","23@a.com","pbkdf2:sha256:260000$AJONA1RS69M4jWQo$251df92e7534f2483b97225bc6730cdeb44e2935666a8a5ad9e1b9242b38bef1","Charles","Roberts","167"
"24","24@a.com","pbkdf2:sha256:260000$iU7QzO4SVAEW146z$8693ec459b092ce0f44aa38b73e29cf75c4a1788b164cfd85d25ea642d5d7c9c","Christopher","Young","155"
"25","25@a.com","pbkdf2:sha256:260000$G6TvhLxGDnMejIK0$5de2bef72d2b5bfd2ff9d599f9e3e5081b031be99b5b587e5dbc23ffde0defbf","Amanda","Berg","873"
"26","26@a.com","pbkdf2:sha256:260000$truH7kCl9inpY5jG$fd5c1fe69b6923e3fb3efd3e42019118535ed6fb5cd0c6a8ba8013f8e60671e0","Damon","Jensen","168"
"27","27@a.com","pbkdf2:sha256:260000$SAu0rZPklI4LIrBb$b3d89241ffb4edb306a85a7f88ee9254da0a8a2b939a8b34be3a4534ef3709df","Zachary","Garcia","633"
"28","28@a.com","pbkdf2:sha256:260000$gSV750AJbn681O1J$26e2f72aa1121784f7ad57d2a271af2294d32554e5b1d797f661f44f350ea694","Amy","Price","110"
"29","29@a.com","pbkdf2:sha256:260000$A0e1I1Vv3OjVhTd9$7dfee88841db34f34f0827e9abf4610e79593dbc0e2b618e7c7c1c201abc4146","Jasmine","Cruz","471"
"30","30@a.com","pbkdf2:sha256:260000$t1V7bBjAmm2mVnR7$1b8738642594f558b27b4c89733f36fe616db3586ec2838a035d077ee6d41bb6","Veronica","Harding","371"
"31","31@a.com","pbkdf2:sha256:260000$ZEHnLGzwb3EcKYbg$291fb5e52764f1c927987705cfa1cce241a691ec8ebdf1bdd665031194ed0281","Brian","Kelly","224"
"32","32@a.com","pbkdf2:sha256:260000$76JvSFF3XWWxt96G$2007f5b8eaca2705ab6cd85e290855f1cce98ddf92b9f4704bcfd82d3f720d61","Ashley","Cook","157"
"33","33@a.com","pbkdf2:sha256:260000$vCoB4cM29734ogsy$0b6af94eaa2085acd60eab2f68e1f888167b6e9b107fe1fe0478cba726b7abd7","Ashley","Williams","648"
"34","34@a.com","pbkdf2:sha256:260000$LP1F1HArt58ozni9$1b1eec958da804b1b10f1e302ab00102ef7385c6e9409048a38594062916059a","Ann","Crawford","173"
"35","35@a.com","pbkdf2:sha256:260000$KqjhIBQkNxGXqeCA$970cbac0647dae7c5be02258251ea44df2a5e9febfa6d116d4395b1dc9cd69d4","Chad","Bridges","525"
"36","36@a.com","pbkdf2:sha256:260000$OEnQvkX1BDDZ0ccK$b246773ed2693f2ab171ac6f13d7e1a7e00882ede7037a1ba7ceed0c1b505b1a","Dalton","Fritz","542"
"37","37@a.com","pbkdf2:sha256:260000$c6H4WTcMViSENv6C$023c9a995c8c0482a59dbdff0922ec6b4a54caecec34e4f1791d1f98afba8c46","Madeline","Stevenson","169"
"38","38@a.com","pbkdf2:sha256:260000$1RpRbSCcSgmAMfSL$94aa2130ed999bbd6bde425d5ff72fc8971d3f0240eb2aaaf46739f07a5d016d","Meghan","Perkins","857"
"39","39@a.com","pbkdf2:sha256:260000$2uXhGxF1cbGUjJjQ$5c0a8949e6f02cd0f79456fa5c0f66938daa7ca22bf14d398f8970e2f81f89dc","Adrienne","Rodriguez","963"
"40","40@a.com","pbkdf2:sha256:260000$pLtr1wu4ROoabd4B$5f5f266b52e5304e526da625abb54d0748336837c1e934a3c4c578bdf7ed5b25","Jennifer","Garcia","327"
"41","41@a.com","pbkdf2:sha256:260000$0aIrdaiXxXtKpjB4$426bf5c181305edb1abffcd4d36607d08e828067451915dd3730d14b3e87c62d","Keith","Jones","668"
"42","42@a.com","pbkdf2:sha256:260000$1F1aPrzTNPF353EH$ba714c5eb29a201129275612d6f470f142d11d0e06c66c741a8d40b9d50e1d3c","Lori","Moore","761"
"43","43@a.com","pbkdf2:sha256:260000$hKXnY9VL6NNSS2q9$351f35f9a5651978d08f74dd1ef20f9d8a068dead434fed55d101e507a95cad4","Ariel","Freeman","569"
"44","44@a.com","pbkdf2:sha256:260000$xH2B0F0lZWi3QL0W$90d09c435937da733b9e386c5763f804cd8be83e28a2378ce3775dae70504767","Randy","Bernard","546"
"45","45@a.com","pbkdf2:sha256:260000$I76ww7AuEKdhR0mg$6a5dd2767017659424f0ea19b655618fdad32958c1feac0259ca7ed11faaf8a0","Timothy","Kerr","33"
"46","46@a.com","pbkdf2:sha256:260000$Bm1cXCL5dFtXKepQ$cdc787ba93b662af43585f1e08232ead8d2d2a5c1833aa505de100878f7b4281","William","Burns","274"
"47","47@a.com","pbkdf2:sha256:260000$b6OWtivHs8HPdh4A$2fa1ab028aee3c07fdd4c433a3eb42ad3b1bc71c55162fd91614c41904373950","Christopher","Guerrero","926"
"48","48@a.com","pbkdf2:sha256:260000$1b8YSrpz2gQLmSS9$0c6017561b738d0397d070b27121224e2ece9c829c856ae0be258c8d37e32f41","Kathryn","Noble","122"
"49","49@a.com","pbkdf2:sha256:260000$mBCgw7PxqrwWCN3F$251aadf3990611b5e2b487346e77dc70d7e543874e070bf984486b5ab4c0e98f","Daniel","Cortez","24"
"50","50@a.com","pbkdf2:sha256:260000$C7z4wICjsHKWxr2N$5a86a9007ad308bb5ebf7e86156d181b888b61dc4f037fa5b20e42888643fb55","Laura","Morrison","915"
"51","51@a.com","pbkdf2:sha256:260000$vU6lI2foskRYyEFO$cb67c4f0e57468a68e9a3aa93b2220574de13bf5f554ce862688409d9c79599e","Renee","Moore","373"
"52","52@a.com","pbkdf2:sha256:260000$fkjrI1im3Ro2zoyd$1c564fe3ae5c23b80932fe790d5cb0b4a7bdb5b10743db90737f89a0209885b8","Alyssa","Farley","559"
"53","53@a.com","pbkdf2:sha256:260000$wcHUePY6RxUBTe2U$5c675339a7f98d5d289d954c37938fa0d40e4af5593a1439abebe0921aaea153","Alexis","Williams","261"
"54","54@a.com","pbkdf2:sha256:260000$OdS93Gb6imnKrpfy$70a385339550cd2da9b4359018991a9c8610ef002046b17446bb039c7d30db8a","Jasmine","Castro","996"
"55","55@a.com","pbkdf2:sha256:260000$5uEbgiIhpflGYuNV$a3be921583e07bbf95ba523ac9540ababfcc3c7f7fe105f5796bec0e43c48cc7","Joseph","Williams","716"
"56","56@a.com","pbkdf2:sha256:260000$fwWqwyA0kRKUV4sr$c2636c4e729b2ef5533a1ea15f25d5ec5031335bdbe7344eacdd52f53a8c1ff4","Jennifer","Marsh","806"
"57","57@a.com","pbkdf2:sha256:260000$84YBtIYieHsIjhCV$7899766a6d040b12cbeaecf2bd709c27019c616e3a2fc1777f34b1f9b652089b","Anne","Michael","682"
"58","58@a.com","pbkdf2:sha256:260000$shIptxE0ZuZJHf6l$e435feda99af4ff482aa2c58f8fca1ee23fc45b8e28ba12dd256d50ee5a47d23","Joshua","Duke","650"
"59","59@a.com","pbkdf2:sha256:260000$pJDy2nWxUFpoPjK7$e27bedf3c45321129eef1a60137c207d8b27a89f369cd98151c6ba7f5b2ef472","Susan","Turner","275"
"60","60@a.com","pbkdf2:sha256:260000$l7zzUxmrhyL5h56R$6fe4ef1b9adeb31a2b9a36d4be776bb4c12be8191442e66705861e887b2a63cf","Julie","Dominguez","401"
"61","61@a.com","pbkdf2:sha256:260000$5dqlyolaoVmPGEO0$ec9da4623c8be3f360cb14548686cc6e0ef47ae34fdc15c10b8f6a8083316ae0","Dwayne","Osborne","179"
"62","62@a.com","pbkdf2:sha256:260000$NPizpchSpU6caw2r$f54be11643a7197e6a443c5f750df160bb4415a8bcabfadf095298ff1948d223","Lisa","Powell","591"
"63","63@a.com","pbkdf2:sha256:260000$QTuCgh2G2GNHy7YR$5f5116cf3fb1c23db7ddeff6ec68f1bd5f827d6f3d65323b9f352c87ccc1b4ba","Carla","Clark","584"
"64","64@a.com","pbkdf2:sha256:260000$0zLeBBvC7Un7gelO$4deeb2e3d01ccb1d9475e26c0ab73fdb0cba1f147374f2563316b88e536e04ce","Brandon","Villa","227"
"65","65@a.com","pbkdf2:sha256:260000$qiDq2VdS8ubLaLzq$80a8a186a03a863b620467fb49a1bdd2add77648d2d47984a200aebcd2c7ae7b","Edward","Cole","466"
"66","66@a.com","pbkdf2:sha256:260000$ESlIRlblK3fWTuT3$6703abd2f57e39fd028a315d61e775c074ac978bfab897e11fc6de1925003282","Kelly","Garcia","479"
"67","67@a.com","pbkdf2:sha256:260000$2GJa1t5phvNd1kVF$1bbc05a44f1b9e1bacb3cc492f73b94fd87c9861f9eced8b66251d48999d617a","Jennifer","Marshall","833"
"68","68@a.com","pbkdf2:sha256:260000$2q27XlWrdsiLTtbh$820562bd6aa76ecff86fd56a58bf9823db92d16d86a251aca41880963c777b1e","William","Edwards","625"
"69","69@a.com","pbkdf2:sha256:260000$sFgbSGiXQyRXmy39$01d7f8379105b6a36aebc552e08ac9079af405cf537c8bd1a14335b168a6e4b8","Jennifer","Mcknight","583"
"70","70@a.com","pbkdf2:sha256:260000$f9xfXB6rsbhPclmh$ebbe8c8f9d506a49f2b2d7121bf3c81134ea0a5614554dbc3e096ce8dc4a8eef","Keith","Ramsey","639"
"71","71@a.com","pbkdf2:sha256:260000$qlcEDNfrNJpTTiqv$fe33e3e3124f7bb10e951e44528cde65555a73744ac4cb285936e50a09856ccd","Michelle","Sutton","757"
"72","72@a.com","pbkdf2:sha256:260000$6PKfxpGMxkf4SQO3$6e41c34d245efdd8dd3d088ca06b18aa595fb6f40517d2e53bb1e3f7236a3d76","Tina","Morales","113"
"73","73@a.com","pbkdf2:sha256:260000$uU8mPkA4nzXPy1Qp$c77a800940485c68eff60efbc8295236307208208da498b9fb95654dd08ab440","Adam","Burns","369"
"74","74@a.com","pbkdf2:sha256:260000$LRisp9qA500OkLOS$7f93c2fd361e3d08c144945622dfc23a6012a5b8be90b9d79d3744ee20fe39b0","Randall","Ponce","245"
"75","75@a.com","pbkdf2:sha256:260000$5Q3vQOvfOGwcqzw2$f26df00f06db4830d132fe8e066b56ee8e4207dfad7b27b46d37c6cd6cf276e7","Cameron","Woods","658"
"76","76@a.com","pbkdf2:sha256:260000$axRASqB8pbKOoCr7$1ba6c30d71d5f2ad968fdccbdba26df56269135a432527ed509081189be74bd2","Megan","Nash","668"
"77","77@a.com","pbkdf2:sha256:260000$qvnu6eH0f7Gs5EB9$129db85e74646ab9b4a736539f26c63beac03e84195de00b2dc6560aa2d3ed01","Cody","Morris","359"
"78","78@a.com","pbkdf2:sha256:260000$1MZpxQjJFLL50gSz$03dfa7aeb78ab61c77f454f2ecb0eaf2d44a5804dd6354d6436653fbc5e58567","Valerie","Jacobs","638"
"79","79@a.com","pbkdf2:sha256:260000$U20LMgdy6NLkPLQ1$57a50c957ec43bf1cc060f74c416649c9ba6eac35798ac10a775eb83fa8e814e","Justin","Sampson","916"
"80","80@a.com","pbkdf2:sha256:260000$xVJ8OA7xb681MIZ7$0bac3843d5e90588e70fd359cece24f8137f5977418936c69937ed28c1723063","Richard","Stewart","788"
"81","81@a.com","pbkdf2:sha256:260000$t2HWdh7gFQaLO8RI$1657f8fa6f918997a7535deccf402356b481143c312b9eefa61326c7460ffef3","Anthony","Johnson","210"
"82","82@a.com","pbkdf2:sha256:260000$zINQqRxBjGL8O7vk$e04d3e51974f3c89909f5ceedfad56a9a2bbdc41a57598e8ae03d3c52de313e9","Dennis","Taylor","955"
"83","83@a.com","pbkdf2:sha256:260000$WNMascJnogUCnxeG$50e4e3d0947328925036a0e904bdf4152acb09efe810244b8fda00d3f702fa83","Zoe","Collins","36"
"84","84@a.com","pbkdf2:sha256:260000$ukffmTAJRyfmOXQU$75dac4709c18f6f262013d7b1f89d35635189eb0bb056f8ce6bf32f6c200ccc9","Robert","DDS","117"
"85","85@a.com","pbkdf2:sha256:260000$eFzICM8FBfvQaTHy$26e89800bc68fc620cedafa3b41ffeb726de4212240be1de11ebda2650906ae9","George","Butler","775"
"86","86@a.com","pbkdf2:sha256:260000$A5sWhbh8uTlWLpLk$06bfabe9d9391c0f86786f2569cfdb23ad003396223e696a314b61a8da4367ea","Shawn","Gregory","428"
"87","87@a.com","pbkdf2:sha256:260000$jxdcHi8zoWkfQN40$25ab863117a5b570f0649bdc8564b57156aec7796df0114c54302e06a05b2f65","Glenda","Shelton","490"
"88","88@a.com","pbkdf2:sha256:260000$DmTjWV3zsF9wjm7P$7ea537c4165955dda197fca808c8ba415d8bbc81b5fe9ccc064806c99189d627","Karen","Johnson","91"
"89","89@a.com","pbkdf2:sha256:260000$Ks7YaE9NjZjhHUv3$d390aff953cc6515f82241081bc77ffc06e8927fb420843172cf47a0576f3101","Sonya","Lucas","55"
"90","90@a.com","pbkdf2:sha256:260000$40ANVQttn39pQuGI$557ba0662cd2fdc3d3c424f25efba026030a3acc7960e81ce6c16b96cdd08231","Michelle","Pham","97"
"91","91@a.com","pbkdf2:sha256:260000$LdmzwhH6VxmkAoiO$efa7b739485abc8253be46fbc9362121cc2b401d0ff6957591625241a20878fc","Daniel","Carter","280"
"92","92@a.com","pbkdf2:sha256:260000$mOidIt7wJvObwreO$107b88672558c9ed50b81ab44bfa1ae0979247d2e593687e706c4999ac4fe862","Shannon","Smith","382"
"93","93@a.com","pbkdf2:sha256:260000$qvEJlQCYM30pnAlP$007ce3e18a6c53a3b2bf06d761a813fb1923a3d09593b5b91288d14063ae097c","Michael","Wood","58"
"94","94@a.com","pbkdf2:sha256:260000$DlbGYBym7hIjhZtC$bc07e0f9c46451b56f1e6b0485aba464220fddc3eb0927b3d9cc2cc12c2b9dc3","Brandon","Jones","745"
"95","95@a.com","pbkdf2:sha256:260000$EK33s2HdEOAcbjr8$6a3b96011dc77dc8c3af177a3b8b958909ffee2049821ec9e85036960309c96a","Brittany","Frank","91"
"96","96@a.com","pbkdf2:sha256:260000$Qp1xDVWHI48W9MCG$0f378b22db94da896dd5d14477e3149d46472bc0a5a073812b68ed2548ce1ab0","Michele","Hall","792"
"97","97@a.com","pbkdf2:sha256:260000$jr3ZET09FgTXSIhR$239f6afc7677218d4127f35c14f9d4b0cc12f83e0d8c565942f8e1aa8ec4f312","Jessica","Miller","738"
"98","98@a.com","pbkdf2:sha256:260000$PF105jU2wjZcbjLu$53ec58bb8f442c6a66255826035bd64a680ce1cb880e0f56472c1aa5577f7e17","Samantha","Taylor","137"
"99","99@a.com","pbkdf2:sha256:260000$bhbh6RqhSlnvlbyx$e6936c7a3d89306f4bef1d24a1a79abb363c6e6719e9cfc95684715a021d3bd6","Samantha","Washington","705"
"100","100@a.com","pbkdf2:sha256:260000$F4gMrII73DFt0wl6$e7c25fefde8866b513010c53a0c745bc48ce599a518803e2d9cc693c1201912f","Heather","Wright","648"
